Modèle,MAE,RMSE,R²
Ridge (baseline),179465.12047582626,265301.2878850394,0.26558141909955446
Random Forest,176360.4070995152,274753.01818315225,0.21231988228138132
XGBoost,185872.8079104622,290827.84425009583,0.11745490045643636
